"","Row.names","log2FoldChange","padj","Factor","trans"
"1","ko:K00024",-0.891160989469552,0.945222884667638,"Menthol_Menthol_vs_Control","TRINITY_DN9267_c0_g1_i2"
"2","ko:K00024",-0.891160989469552,0.945222884667638,"Menthol_Menthol_vs_Control","TRINITY_DN9446_c0_g1_i1"
"3","ko:K00031",-0.669814134688932,0.945222884667638,"Menthol_Menthol_vs_Control","TRINITY_DN9440_c0_g1_i1"
"4","ko:K00128",-0.229967825098831,0.945222884667638,"Menthol_Menthol_vs_Control","TRINITY_DN9333_c0_g1_i1"
"5","ko:K00134",1.51887270619936,0.70367973349119,"Menthol_Menthol_vs_Control","TRINITY_DN9495_c0_g1_i2"
"6","ko:K00134",1.51887270619936,0.70367973349119,"Menthol_Menthol_vs_Control","TRINITY_DN9495_c0_g1_i1"
"7","ko:K00140",0.14964832579509,0.945222884667638,"Menthol_Menthol_vs_Control","TRINITY_DN8733_c0_g1_i1"
"8","ko:K00207",0.342275737539483,0.945222884667638,"Menthol_Menthol_vs_Control","TRINITY_DN9160_c0_g1_i1"
"9","ko:K00235",-0.147132096985754,0.945222884667638,"Menthol_Menthol_vs_Control","TRINITY_DN9363_c0_g1_i1"
"10","ko:K00249",0.25236667309358,0.950793158257641,"Menthol_Menthol_vs_Control","TRINITY_DN9283_c0_g1_i1"
"11","ko:K00262",0.0499079692129643,0.976892934800774,"Menthol_Menthol_vs_Control","TRINITY_DN9017_c0_g1_i2"
"12","ko:K00262",0.0499079692129643,0.976892934800774,"Menthol_Menthol_vs_Control","TRINITY_DN9017_c0_g1_i1"
"13","ko:K00331",0.730539012107675,0.945222884667638,"Menthol_Menthol_vs_Control","TRINITY_DN7353_c0_g1_i1"
"14","ko:K00333",-0.908263115991203,0.48439170483148,"Menthol_Menthol_vs_Control","TRINITY_DN6874_c0_g1_i1"
"15","ko:K00338",0.450201359472492,0.945222884667638,"Menthol_Menthol_vs_Control","TRINITY_DN6548_c0_g1_i1"
"16","ko:K00357",0.502845999894339,0.945222884667638,"Menthol_Menthol_vs_Control","TRINITY_DN3286_c0_g1_i1"
"17","ko:K00411",0.102099680061108,0.945222884667638,"Menthol_Menthol_vs_Control","TRINITY_DN9439_c0_g1_i1"
"18","ko:K00413",0.579250461729177,0.945222884667638,"Menthol_Menthol_vs_Control","TRINITY_DN6884_c0_g1_i1"
"19","ko:K00456",-0.581027176421811,0.945222884667638,"Menthol_Menthol_vs_Control","TRINITY_DN8927_c0_g1_i1"
"20","ko:K00456",-0.581027176421811,0.945222884667638,"Menthol_Menthol_vs_Control","TRINITY_DN8927_c0_g1_i2"
"21","ko:K00469",0.158366522723479,0.945222884667638,"Menthol_Menthol_vs_Control","TRINITY_DN8473_c0_g1_i1"
"22","ko:K00500",0.185856083933298,0.945222884667638,"Menthol_Menthol_vs_Control","TRINITY_DN7120_c0_g1_i1"
"23","ko:K00522",-0.737153159333454,0.351703638546777,"Menthol_Menthol_vs_Control","TRINITY_DN9408_c0_g1_i1"
"24","ko:K00522",-0.737153159333454,0.351703638546777,"Menthol_Menthol_vs_Control","TRINITY_DN8161_c0_g1_i1"
"25","ko:K00544",-0.840583108687327,0.945222884667638,"Menthol_Menthol_vs_Control","TRINITY_DN9537_c1_g1_i1"
"26","ko:K00616",-1.58800814138258,0.945222884667638,"Menthol_Menthol_vs_Control","TRINITY_DN5681_c0_g1_i1"
"27","ko:K00643",0.288767434387168,0.945222884667638,"Menthol_Menthol_vs_Control","TRINITY_DN9578_c0_g1_i1"
"28","ko:K00799",-0.73024553093044,0.945222884667638,"Menthol_Menthol_vs_Control","TRINITY_DN8862_c0_g1_i1"
"29","ko:K00814",-0.3574460053555,0.945222884667638,"Menthol_Menthol_vs_Control","TRINITY_DN8382_c0_g1_i1"
"30","ko:K00819",0.714345059862993,0.25310067469396,"Menthol_Menthol_vs_Control","TRINITY_DN9656_c1_g1_i2"
"31","ko:K00819",0.714345059862993,0.25310067469396,"Menthol_Menthol_vs_Control","TRINITY_DN9656_c1_g1_i1"
"32","ko:K00819",0.714345059862993,0.25310067469396,"Menthol_Menthol_vs_Control","TRINITY_DN9656_c1_g1_i5"
"33","ko:K00819",0.714345059862993,0.25310067469396,"Menthol_Menthol_vs_Control","TRINITY_DN9656_c1_g1_i7"
"34","ko:K00819",0.714345059862993,0.25310067469396,"Menthol_Menthol_vs_Control","TRINITY_DN9656_c1_g1_i8"
"35","ko:K00819",0.714345059862993,0.25310067469396,"Menthol_Menthol_vs_Control","TRINITY_DN9656_c1_g1_i9"
"36","ko:K00819",0.714345059862993,0.25310067469396,"Menthol_Menthol_vs_Control","TRINITY_DN9656_c1_g1_i4"
"37","ko:K00856",-0.142650178611912,0.945434144679215,"Menthol_Menthol_vs_Control","TRINITY_DN7955_c0_g1_i1"
"38","ko:K00933",-0.10450080463438,0.945222884667638,"Menthol_Menthol_vs_Control","TRINITY_DN15607_c0_g1_i1"
"39","ko:K00933",-0.10450080463438,0.945222884667638,"Menthol_Menthol_vs_Control","TRINITY_DN9644_c0_g1_i2"
"40","ko:K00939",-0.229745525643214,0.945222884667638,"Menthol_Menthol_vs_Control","TRINITY_DN9241_c0_g1_i1"
"41","ko:K00940",0.114242841783465,0.948656212646734,"Menthol_Menthol_vs_Control","TRINITY_DN561_c0_g1_i1"
"42","ko:K00940",0.114242841783465,0.948656212646734,"Menthol_Menthol_vs_Control","TRINITY_DN8388_c0_g1_i1"
"43","ko:K00967",0.349128580260984,0.48439170483148,"Menthol_Menthol_vs_Control","TRINITY_DN9400_c0_g1_i1"
"44","ko:K01070",-1.36124655588579,0.945222884667638,"Menthol_Menthol_vs_Control","TRINITY_DN546_c0_g1_i1"
"45","ko:K01206",0.00635143496253235,0.99841623030614,"Menthol_Menthol_vs_Control","TRINITY_DN8938_c0_g1_i1"
"46","ko:K01206",0.00635143496253235,0.99841623030614,"Menthol_Menthol_vs_Control","TRINITY_DN9427_c0_g1_i1"
"47","ko:K01251",1.2977041996211,0.147212412629038,"Menthol_Menthol_vs_Control","TRINITY_DN9231_c0_g1_i1"
"48","ko:K01363",0.268701686613638,0.945222884667638,"Menthol_Menthol_vs_Control","TRINITY_DN8750_c0_g1_i1"
"49","ko:K01365",-0.0451614246315289,0.945222884667638,"Menthol_Menthol_vs_Control","TRINITY_DN9355_c0_g1_i5"
"50","ko:K01365",-0.0451614246315289,0.945222884667638,"Menthol_Menthol_vs_Control","TRINITY_DN9653_c1_g1_i1"
"51","ko:K01365",-0.0451614246315289,0.945222884667638,"Menthol_Menthol_vs_Control","TRINITY_DN9355_c0_g1_i4"
"52","ko:K01365",-0.0451614246315289,0.945222884667638,"Menthol_Menthol_vs_Control","TRINITY_DN9355_c0_g1_i1"
"53","ko:K01365",-0.0451614246315289,0.945222884667638,"Menthol_Menthol_vs_Control","TRINITY_DN9355_c0_g1_i2"
"54","ko:K01379",0.265723291744788,0.945222884667638,"Menthol_Menthol_vs_Control","TRINITY_DN9627_c0_g1_i1"
"55","ko:K01379",0.265723291744788,0.945222884667638,"Menthol_Menthol_vs_Control","TRINITY_DN9627_c0_g1_i2"
"56","ko:K01551",-0.0229591936446759,0.99841623030614,"Menthol_Menthol_vs_Control","TRINITY_DN14997_c0_g1_i1"
"57","ko:K01596",0.760618607759773,0.0956521657639238,"Menthol_Menthol_vs_Control","TRINITY_DN9611_c0_g2_i1"
"58","ko:K01596",0.760618607759773,0.0956521657639238,"Menthol_Menthol_vs_Control","TRINITY_DN9611_c0_g2_i2"
"59","ko:K01623",-1.03630635869335,0.187078845627284,"Menthol_Menthol_vs_Control","TRINITY_DN9132_c0_g1_i1"
"60","ko:K01681",-0.211986599637722,0.945222884667638,"Menthol_Menthol_vs_Control","TRINITY_DN9214_c0_g1_i1"
"61","ko:K01689",0.845822538487178,0.331530974419029,"Menthol_Menthol_vs_Control","TRINITY_DN9573_c0_g1_i1"
"62","ko:K01697",0.191670164700273,0.948656212646734,"Menthol_Menthol_vs_Control","TRINITY_DN9402_c0_g1_i2"
"63","ko:K01697",0.191670164700273,0.948656212646734,"Menthol_Menthol_vs_Control","TRINITY_DN9402_c0_g1_i1"
"64","ko:K01758",0.0866517305166401,0.968235107160252,"Menthol_Menthol_vs_Control","TRINITY_DN9608_c0_g1_i1"
"65","ko:K01758",0.0866517305166401,0.968235107160252,"Menthol_Menthol_vs_Control","TRINITY_DN9608_c0_g1_i2"
"66","ko:K01875",0.378809724005753,0.945222884667638,"Menthol_Menthol_vs_Control","TRINITY_DN8298_c0_g1_i1"
"67","ko:K01881",1.06297458578717,0.945222884667638,"Menthol_Menthol_vs_Control","TRINITY_DN9340_c0_g1_i1"
"68","ko:K01889",-0.231084790813311,0.945222884667638,"Menthol_Menthol_vs_Control","TRINITY_DN8969_c0_g1_i1"
"69","ko:K01890",-0.349642427760022,0.945222884667638,"Menthol_Menthol_vs_Control","TRINITY_DN9391_c0_g1_i1"
"70","ko:K01892",-0.817851804203514,0.945222884667638,"Menthol_Menthol_vs_Control","TRINITY_DN7780_c0_g1_i1"
"71","ko:K01893",-0.5168140334532,0.945222884667638,"Menthol_Menthol_vs_Control","TRINITY_DN9570_c0_g1_i1"
"72","ko:K01953",-0.570123745697968,0.719427456110029,"Menthol_Menthol_vs_Control","TRINITY_DN9223_c0_g1_i1"
"73","ko:K02105",-0.179779305744412,0.945222884667638,"Menthol_Menthol_vs_Control","TRINITY_DN9525_c0_g1_i1"
"74","ko:K02111",-2.17362140983613,0.631321302156163,"Menthol_Menthol_vs_Control","TRINITY_DN9485_c0_g1_i1"
"75","ko:K02112",-0.112871248406224,0.945222884667638,"Menthol_Menthol_vs_Control","TRINITY_DN2467_c0_g1_i1"
"76","ko:K02112",-0.112871248406224,0.945222884667638,"Menthol_Menthol_vs_Control","TRINITY_DN2467_c0_g2_i1"
"77","ko:K02112",-0.112871248406224,0.945222884667638,"Menthol_Menthol_vs_Control","TRINITY_DN9596_c0_g1_i1"
"78","ko:K02146",-0.658474764473266,0.945222884667638,"Menthol_Menthol_vs_Control","TRINITY_DN8095_c0_g1_i1"
"79","ko:K02149",-0.207653321528025,0.945222884667638,"Menthol_Menthol_vs_Control","TRINITY_DN5998_c0_g1_i1"
"80","ko:K02152",0.00258777083321567,0.99841623030614,"Menthol_Menthol_vs_Control","TRINITY_DN3619_c0_g1_i1"
"81","ko:K02155",-0.323118277427804,0.945222884667638,"Menthol_Menthol_vs_Control","TRINITY_DN8737_c0_g1_i1"
"82","ko:K02183",0.400505430076246,0.425895623326305,"Menthol_Menthol_vs_Control","TRINITY_DN9151_c0_g1_i1"
"83","ko:K02183",0.400505430076246,0.425895623326305,"Menthol_Menthol_vs_Control","TRINITY_DN9426_c0_g1_i1"
"84","ko:K02183",0.400505430076246,0.425895623326305,"Menthol_Menthol_vs_Control","TRINITY_DN7877_c0_g1_i1"
"85","ko:K02219",0.384997602755335,0.945222884667638,"Menthol_Menthol_vs_Control","TRINITY_DN762_c0_g1_i1"
"86","ko:K02267",-0.933215375607772,0.945222884667638,"Menthol_Menthol_vs_Control","TRINITY_DN2939_c0_g1_i1"
"87","ko:K02437",0.130383549906384,0.945222884667638,"Menthol_Menthol_vs_Control","TRINITY_DN8080_c0_g1_i1"
"88","ko:K02503",-1.16057406080466,0.945222884667638,"Menthol_Menthol_vs_Control","TRINITY_DN6041_c0_g1_i1"
"89","ko:K02503",-1.16057406080466,0.945222884667638,"Menthol_Menthol_vs_Control","TRINITY_DN6041_c0_g2_i1"
"90","ko:K02635",-0.0913678633109701,0.948656212646734,"Menthol_Menthol_vs_Control","TRINITY_DN1635_c0_g1_i1"
"91","ko:K02639",-1.59102281285677,0.908181773245705,"Menthol_Menthol_vs_Control","TRINITY_DN5565_c0_g1_i1"
"92","ko:K02703",0.684521269114683,0.945222884667638,"Menthol_Menthol_vs_Control","TRINITY_DN24979_c0_g1_i1"
"93","ko:K02705",0.734537851190067,0.945222884667638,"Menthol_Menthol_vs_Control","TRINITY_DN8116_c0_g1_i1"
"94","ko:K02706",-0.222756631784122,0.945222884667638,"Menthol_Menthol_vs_Control","TRINITY_DN7881_c0_g1_i1"
"95","ko:K02725",-1.17050798884912,0.945222884667638,"Menthol_Menthol_vs_Control","TRINITY_DN6523_c0_g1_i1"
"96","ko:K02726",0.234404438299191,0.945222884667638,"Menthol_Menthol_vs_Control","TRINITY_DN6781_c0_g2_i1"
"97","ko:K02726",0.234404438299191,0.945222884667638,"Menthol_Menthol_vs_Control","TRINITY_DN6781_c0_g3_i1"
"98","ko:K02726",0.234404438299191,0.945222884667638,"Menthol_Menthol_vs_Control","TRINITY_DN6781_c0_g1_i1"
"99","ko:K02728",-1.08844597413077,0.921136314961085,"Menthol_Menthol_vs_Control","TRINITY_DN5721_c0_g1_i1"
"100","ko:K02732",0.194056173698829,0.945222884667638,"Menthol_Menthol_vs_Control","TRINITY_DN7419_c0_g1_i1"
"101","ko:K02865",-0.301912308282006,0.945222884667638,"Menthol_Menthol_vs_Control","TRINITY_DN7617_c0_g1_i1"
"102","ko:K02866",-0.207594697595681,0.945222884667638,"Menthol_Menthol_vs_Control","TRINITY_DN7313_c0_g1_i1"
"103","ko:K02870",0.361685623789253,0.526110731479949,"Menthol_Menthol_vs_Control","TRINITY_DN9245_c0_g1_i1"
"104","ko:K02872",-0.820536715731469,0.945222884667638,"Menthol_Menthol_vs_Control","TRINITY_DN8160_c0_g2_i1"
"105","ko:K02873",0.433450187951428,0.945222884667638,"Menthol_Menthol_vs_Control","TRINITY_DN7127_c0_g1_i1"
"106","ko:K02877",1.09853067795636,0.945222884667638,"Menthol_Menthol_vs_Control","TRINITY_DN7188_c0_g1_i1"
"107","ko:K02880",-0.244418307199801,0.945222884667638,"Menthol_Menthol_vs_Control","TRINITY_DN8253_c0_g1_i1"
"108","ko:K02882",-0.210957926448308,0.945222884667638,"Menthol_Menthol_vs_Control","TRINITY_DN9152_c0_g1_i1"
"109","ko:K02885",-0.623013173937914,0.945222884667638,"Menthol_Menthol_vs_Control","TRINITY_DN8670_c0_g1_i1"
"110","ko:K02889",0.0749219027369186,0.95832973730345,"Menthol_Menthol_vs_Control","TRINITY_DN7443_c0_g1_i1"
"111","ko:K02896",-0.142798094035715,0.945222884667638,"Menthol_Menthol_vs_Control","TRINITY_DN7748_c0_g1_i1"
"112","ko:K02896",-0.142798094035715,0.945222884667638,"Menthol_Menthol_vs_Control","TRINITY_DN7610_c0_g1_i1"
"113","ko:K02898",-0.59954377898456,0.945222884667638,"Menthol_Menthol_vs_Control","TRINITY_DN7637_c0_g1_i1"
"114","ko:K02901",-0.159362412864289,0.945222884667638,"Menthol_Menthol_vs_Control","TRINITY_DN17630_c0_g1_i1"
"115","ko:K02901",-0.159362412864289,0.945222884667638,"Menthol_Menthol_vs_Control","TRINITY_DN8392_c0_g1_i1"
"116","ko:K02905",0.0656339345877898,0.945222884667638,"Menthol_Menthol_vs_Control","TRINITY_DN8861_c0_g1_i1"
"117","ko:K02908",0.702584303607633,0.858091295328454,"Menthol_Menthol_vs_Control","TRINITY_DN18948_c0_g1_i1"
"118","ko:K02908",0.702584303607633,0.858091295328454,"Menthol_Menthol_vs_Control","TRINITY_DN8915_c0_g1_i1"
"119","ko:K02908",0.702584303607633,0.858091295328454,"Menthol_Menthol_vs_Control","TRINITY_DN18948_c0_g2_i1"
"120","ko:K02910",0.398795589669301,0.945222884667638,"Menthol_Menthol_vs_Control","TRINITY_DN6099_c0_g1_i1"
"121","ko:K02915",-0.0606043142048778,0.968235107160252,"Menthol_Menthol_vs_Control","TRINITY_DN8347_c0_g1_i1"
"122","ko:K02918",-0.315259699521242,0.945222884667638,"Menthol_Menthol_vs_Control","TRINITY_DN5705_c0_g1_i1"
"123","ko:K02918",-0.315259699521242,0.945222884667638,"Menthol_Menthol_vs_Control","TRINITY_DN5705_c0_g2_i1"
"124","ko:K02920",-0.222124876111173,0.945222884667638,"Menthol_Menthol_vs_Control","TRINITY_DN8637_c0_g1_i1"
"125","ko:K02923",-0.449583047208472,0.945222884667638,"Menthol_Menthol_vs_Control","TRINITY_DN4420_c0_g1_i1"
"126","ko:K02924",-0.546749045120832,0.945222884667638,"Menthol_Menthol_vs_Control","TRINITY_DN6006_c0_g1_i1"
"127","ko:K02929",-0.707075170837546,0.945222884667638,"Menthol_Menthol_vs_Control","TRINITY_DN8062_c0_g2_i1"
"128","ko:K02929",-0.707075170837546,0.945222884667638,"Menthol_Menthol_vs_Control","TRINITY_DN13571_c0_g1_i1"
"129","ko:K02929",-0.707075170837546,0.945222884667638,"Menthol_Menthol_vs_Control","TRINITY_DN8062_c0_g3_i1"
"130","ko:K02929",-0.707075170837546,0.945222884667638,"Menthol_Menthol_vs_Control","TRINITY_DN8062_c0_g1_i1"
"131","ko:K02932",-0.139074169524292,0.945222884667638,"Menthol_Menthol_vs_Control","TRINITY_DN9453_c0_g1_i1"
"132","ko:K02932",-0.139074169524292,0.945222884667638,"Menthol_Menthol_vs_Control","TRINITY_DN8136_c0_g1_i1"
"133","ko:K02936",-0.433824766629554,0.945222884667638,"Menthol_Menthol_vs_Control","TRINITY_DN8757_c0_g1_i1"
"134","ko:K02937",1.01249989635297,0.945222884667638,"Menthol_Menthol_vs_Control","TRINITY_DN7549_c0_g1_i1"
"135","ko:K02938",-0.486794190073902,0.945222884667638,"Menthol_Menthol_vs_Control","TRINITY_DN2396_c0_g1_i1"
"136","ko:K02941",-0.391217103555077,0.945222884667638,"Menthol_Menthol_vs_Control","TRINITY_DN8198_c0_g1_i1"
"137","ko:K02947",-0.338942110309574,0.945222884667638,"Menthol_Menthol_vs_Control","TRINITY_DN5313_c0_g1_i1"
"138","ko:K02949",0.360841558561434,0.945222884667638,"Menthol_Menthol_vs_Control","TRINITY_DN8718_c0_g1_i1"
"139","ko:K02951",0.613106880596303,0.945222884667638,"Menthol_Menthol_vs_Control","TRINITY_DN7101_c0_g1_i1"
"140","ko:K02953",0.632245672753957,0.945222884667638,"Menthol_Menthol_vs_Control","TRINITY_DN14986_c0_g1_i1"
"141","ko:K02953",0.632245672753957,0.945222884667638,"Menthol_Menthol_vs_Control","TRINITY_DN8391_c0_g1_i1"
"142","ko:K02955",0.112266143729181,0.945222884667638,"Menthol_Menthol_vs_Control","TRINITY_DN9071_c0_g1_i1"
"143","ko:K02955",0.112266143729181,0.945222884667638,"Menthol_Menthol_vs_Control","TRINITY_DN9071_c0_g1_i2"
"144","ko:K02958",0.223629784026733,0.945222884667638,"Menthol_Menthol_vs_Control","TRINITY_DN8934_c0_g1_i1"
"145","ko:K02962",-0.424515850485427,0.945222884667638,"Menthol_Menthol_vs_Control","TRINITY_DN9098_c0_g1_i1"
"146","ko:K02966",0.414013720539101,0.945222884667638,"Menthol_Menthol_vs_Control","TRINITY_DN8258_c0_g1_i1"
"147","ko:K02969",-1.00517917709247,0.945222884667638,"Menthol_Menthol_vs_Control","TRINITY_DN824_c0_g1_i1"
"148","ko:K02973",0.967803392322231,0.945222884667638,"Menthol_Menthol_vs_Control","TRINITY_DN7764_c0_g1_i1"
"149","ko:K02975",-0.748215897930476,0.945222884667638,"Menthol_Menthol_vs_Control","TRINITY_DN7459_c0_g1_i1"
"150","ko:K02976",-1.49566732071142,0.945222884667638,"Menthol_Menthol_vs_Control","TRINITY_DN8677_c0_g1_i1"
"151","ko:K02978",-0.597162455728685,0.657225943984336,"Menthol_Menthol_vs_Control","TRINITY_DN8097_c0_g1_i1"
"152","ko:K02980",-1.16397388425188,0.48439170483148,"Menthol_Menthol_vs_Control","TRINITY_DN8210_c0_g1_i2"
"153","ko:K02980",-1.16397388425188,0.48439170483148,"Menthol_Menthol_vs_Control","TRINITY_DN8210_c0_g1_i1"
"154","ko:K02983",0.513466332492615,0.945222884667638,"Menthol_Menthol_vs_Control","TRINITY_DN8698_c0_g1_i1"
"155","ko:K02984",0.837285264722124,0.700447932082297,"Menthol_Menthol_vs_Control","TRINITY_DN9087_c0_g1_i1"
"156","ko:K02985",-0.304767632243938,0.945222884667638,"Menthol_Menthol_vs_Control","TRINITY_DN8753_c0_g1_i1"
"157","ko:K02987",1.24908416016603,0.945222884667638,"Menthol_Menthol_vs_Control","TRINITY_DN9220_c0_g1_i1"
"158","ko:K02991",-0.103535366691543,0.945222884667638,"Menthol_Menthol_vs_Control","TRINITY_DN8801_c0_g1_i1"
"159","ko:K02992",-0.263308332298449,0.945222884667638,"Menthol_Menthol_vs_Control","TRINITY_DN7340_c0_g1_i1"
"160","ko:K02993",-0.77536374636335,0.25310067469396,"Menthol_Menthol_vs_Control","TRINITY_DN8486_c0_g1_i1"
"161","ko:K02995",-0.0212612883692956,0.993574907595452,"Menthol_Menthol_vs_Control","TRINITY_DN8406_c0_g1_i1"
"162","ko:K03007",-0.357159000884223,0.945222884667638,"Menthol_Menthol_vs_Control","TRINITY_DN6976_c0_g2_i1"
"163","ko:K03007",-0.357159000884223,0.945222884667638,"Menthol_Menthol_vs_Control","TRINITY_DN6976_c0_g1_i1"
"164","ko:K03008",0.748974709028752,0.945222884667638,"Menthol_Menthol_vs_Control","TRINITY_DN2486_c1_g1_i1"
"165","ko:K03031",0.206453945808184,0.945222884667638,"Menthol_Menthol_vs_Control","TRINITY_DN7344_c0_g1_i1"
"166","ko:K03083",0.051054364267559,0.952779697548788,"Menthol_Menthol_vs_Control","TRINITY_DN8336_c0_g1_i1"
"167","ko:K03113",-0.312383491395949,0.945222884667638,"Menthol_Menthol_vs_Control","TRINITY_DN8110_c0_g1_i1"
"168","ko:K03231",0.626648221089715,0.945222884667638,"Menthol_Menthol_vs_Control","TRINITY_DN9609_c0_g1_i1"
"169","ko:K03232",-1.96246071710928,0.425895623326305,"Menthol_Menthol_vs_Control","TRINITY_DN8282_c0_g1_i1"
"170","ko:K03233",-0.299351980981124,0.945222884667638,"Menthol_Menthol_vs_Control","TRINITY_DN9269_c0_g1_i1"
"171","ko:K03234",0.868184277081125,0.945222884667638,"Menthol_Menthol_vs_Control","TRINITY_DN9164_c0_g1_i1"
"172","ko:K03236",-0.791118672121663,0.48626895725984,"Menthol_Menthol_vs_Control","TRINITY_DN9142_c0_g1_i1"
"173","ko:K03246",0.337460562620321,0.945222884667638,"Menthol_Menthol_vs_Control","TRINITY_DN7723_c0_g1_i1"
"174","ko:K03246",0.337460562620321,0.945222884667638,"Menthol_Menthol_vs_Control","TRINITY_DN7723_c0_g2_i1"
"175","ko:K03247",-0.311496503055692,0.945222884667638,"Menthol_Menthol_vs_Control","TRINITY_DN8464_c0_g1_i1"
"176","ko:K03283",-0.343473359059275,0.945222884667638,"Menthol_Menthol_vs_Control","TRINITY_DN9405_c0_g1_i2"
"177","ko:K03283",-0.343473359059275,0.945222884667638,"Menthol_Menthol_vs_Control","TRINITY_DN9405_c0_g1_i1"
"178","ko:K03521",0.196253943025007,0.945222884667638,"Menthol_Menthol_vs_Control","TRINITY_DN7401_c0_g1_i1"
"179","ko:K03522",-0.76962393445794,0.945222884667638,"Menthol_Menthol_vs_Control","TRINITY_DN7111_c0_g1_i1"
"180","ko:K03626",-0.0984515400692577,0.945222884667638,"Menthol_Menthol_vs_Control","TRINITY_DN8390_c0_g1_i1"
"181","ko:K03661",-1.49026744454474,0.908181773245705,"Menthol_Menthol_vs_Control","TRINITY_DN9092_c0_g1_i1"
"182","ko:K03872",0.385413810871339,0.945222884667638,"Menthol_Menthol_vs_Control","TRINITY_DN1698_c0_g1_i1"
"183","ko:K03872",0.385413810871339,0.945222884667638,"Menthol_Menthol_vs_Control","TRINITY_DN1698_c0_g2_i1"
"184","ko:K03872",0.385413810871339,0.945222884667638,"Menthol_Menthol_vs_Control","TRINITY_DN1698_c0_g3_i1"
"185","ko:K03873",0.00210046132355665,0.99841623030614,"Menthol_Menthol_vs_Control","TRINITY_DN8603_c0_g1_i1"
"186","ko:K03873",0.00210046132355665,0.99841623030614,"Menthol_Menthol_vs_Control","TRINITY_DN8603_c0_g1_i2"
"187","ko:K03936",0.293770905812085,0.945222884667638,"Menthol_Menthol_vs_Control","TRINITY_DN15399_c0_g1_i1"
"188","ko:K03942",-0.0141149780419952,0.99841623030614,"Menthol_Menthol_vs_Control","TRINITY_DN6550_c0_g1_i1"
"189","ko:K03943",0.807841435161434,0.945222884667638,"Menthol_Menthol_vs_Control","TRINITY_DN6530_c0_g1_i1"
"190","ko:K04043",0.6556801207814,0.945222884667638,"Menthol_Menthol_vs_Control","TRINITY_DN8020_c0_g1_i1"
"191","ko:K04079",-0.227331525634886,0.945222884667638,"Menthol_Menthol_vs_Control","TRINITY_DN9547_c0_g1_i1"
"192","ko:K04345",0.94624251442279,0.945222884667638,"Menthol_Menthol_vs_Control","TRINITY_DN6983_c0_g1_i1"
"193","ko:K04348",1.48843276478963,0.945222884667638,"Menthol_Menthol_vs_Control","TRINITY_DN6449_c0_g1_i1"
"194","ko:K04354",-2.06881024008259,0.0273378862020662,"Menthol_Menthol_vs_Control","TRINITY_DN8821_c0_g1_i1"
"195","ko:K04364",-0.264106113143575,0.945222884667638,"Menthol_Menthol_vs_Control","TRINITY_DN8360_c0_g1_i1"
"196","ko:K04364",-0.264106113143575,0.945222884667638,"Menthol_Menthol_vs_Control","TRINITY_DN512_c0_g1_i1"
"197","ko:K04369",-0.982190758999049,0.945222884667638,"Menthol_Menthol_vs_Control","TRINITY_DN7370_c0_g1_i1"
"198","ko:K04370",0.203666063073056,0.945434144679215,"Menthol_Menthol_vs_Control","TRINITY_DN7498_c0_g1_i1"
"199","ko:K04371",-0.38735443839429,0.945222884667638,"Menthol_Menthol_vs_Control","TRINITY_DN19170_c0_g1_i1"
"200","ko:K04393",-0.636629182844716,0.945222884667638,"Menthol_Menthol_vs_Control","TRINITY_DN8545_c0_g1_i1"
"201","ko:K04393",-0.636629182844716,0.945222884667638,"Menthol_Menthol_vs_Control","TRINITY_DN8633_c0_g1_i2"
"202","ko:K04393",-0.636629182844716,0.945222884667638,"Menthol_Menthol_vs_Control","TRINITY_DN8633_c0_g1_i1"
"203","ko:K04393",-0.636629182844716,0.945222884667638,"Menthol_Menthol_vs_Control","TRINITY_DN9378_c0_g1_i1"
"204","ko:K04444",-1.13400416949185,0.945222884667638,"Menthol_Menthol_vs_Control","TRINITY_DN8549_c0_g1_i1"
"205","ko:K04456",-0.700384718846654,0.945222884667638,"Menthol_Menthol_vs_Control","TRINITY_DN9287_c0_g1_i2"
"206","ko:K04456",-0.700384718846654,0.945222884667638,"Menthol_Menthol_vs_Control","TRINITY_DN9287_c0_g1_i1"
"207","ko:K04503",-0.183230653079859,0.945222884667638,"Menthol_Menthol_vs_Control","TRINITY_DN7471_c0_g1_i1"
"208","ko:K04536",-0.637627883710659,0.945222884667638,"Menthol_Menthol_vs_Control","TRINITY_DN9504_c0_g1_i1"
"209","ko:K04552",0.169493899417105,0.945222884667638,"Menthol_Menthol_vs_Control","TRINITY_DN8278_c0_g1_i1"
"210","ko:K04567",0.0506983873877484,0.945222884667638,"Menthol_Menthol_vs_Control","TRINITY_DN9247_c0_g1_i1"
"211","ko:K04712",0.212880374590851,0.945222884667638,"Menthol_Menthol_vs_Control","TRINITY_DN9249_c0_g1_i1"
"212","ko:K05754",-0.128235804826101,0.945222884667638,"Menthol_Menthol_vs_Control","TRINITY_DN9414_c0_g1_i1"
"213","ko:K05754",-0.128235804826101,0.945222884667638,"Menthol_Menthol_vs_Control","TRINITY_DN9414_c0_g1_i2"
"214","ko:K05755",0.713524367050448,0.945222884667638,"Menthol_Menthol_vs_Control","TRINITY_DN8355_c0_g1_i1"
"215","ko:K05757",0.0570477681229412,0.945222884667638,"Menthol_Menthol_vs_Control","TRINITY_DN9506_c0_g1_i1"
"216","ko:K05758",-0.728739828457291,0.945222884667638,"Menthol_Menthol_vs_Control","TRINITY_DN7982_c0_g1_i1"
"217","ko:K05758",-0.728739828457291,0.945222884667638,"Menthol_Menthol_vs_Control","TRINITY_DN7982_c0_g2_i1"
"218","ko:K05759",-0.762094150632534,0.48439170483148,"Menthol_Menthol_vs_Control","TRINITY_DN9344_c0_g1_i2"
"219","ko:K05759",-0.762094150632534,0.48439170483148,"Menthol_Menthol_vs_Control","TRINITY_DN9344_c0_g1_i1"
"220","ko:K05759",-0.762094150632534,0.48439170483148,"Menthol_Menthol_vs_Control","TRINITY_DN9344_c0_g1_i3"
"221","ko:K06685",0.347881802459389,0.945222884667638,"Menthol_Menthol_vs_Control","TRINITY_DN5049_c0_g2_i1"
"222","ko:K06685",0.347881802459389,0.945222884667638,"Menthol_Menthol_vs_Control","TRINITY_DN5049_c0_g1_i1"
"223","ko:K06689",-0.162950161212235,0.945222884667638,"Menthol_Menthol_vs_Control","TRINITY_DN8852_c0_g1_i2"
"224","ko:K06689",-0.162950161212235,0.945222884667638,"Menthol_Menthol_vs_Control","TRINITY_DN6341_c0_g1_i1"
"225","ko:K06689",-0.162950161212235,0.945222884667638,"Menthol_Menthol_vs_Control","TRINITY_DN17839_c0_g1_i1"
"226","ko:K06689",-0.162950161212235,0.945222884667638,"Menthol_Menthol_vs_Control","TRINITY_DN14990_c0_g1_i1"
"227","ko:K06689",-0.162950161212235,0.945222884667638,"Menthol_Menthol_vs_Control","TRINITY_DN8852_c0_g1_i1"
"228","ko:K06689",-0.162950161212235,0.945222884667638,"Menthol_Menthol_vs_Control","TRINITY_DN1045_c0_g1_i1"
"229","ko:K06704",0.551872838681639,0.945222884667638,"Menthol_Menthol_vs_Control","TRINITY_DN7265_c0_g1_i1"
"230","ko:K07151",-0.206149771200332,0.945222884667638,"Menthol_Menthol_vs_Control","TRINITY_DN8533_c0_g1_i2"
"231","ko:K07151",-0.206149771200332,0.945222884667638,"Menthol_Menthol_vs_Control","TRINITY_DN8533_c0_g1_i1"
"232","ko:K07192",-0.194586583543687,0.945222884667638,"Menthol_Menthol_vs_Control","TRINITY_DN9397_c0_g1_i2"
"233","ko:K07192",-0.194586583543687,0.945222884667638,"Menthol_Menthol_vs_Control","TRINITY_DN9397_c0_g1_i1"
"234","ko:K07205",-0.885854591045075,0.680216039400903,"Menthol_Menthol_vs_Control","TRINITY_DN9461_c0_g1_i1"
"235","ko:K07342",-0.25468091402628,0.945222884667638,"Menthol_Menthol_vs_Control","TRINITY_DN8827_c0_g1_i1"
"236","ko:K07375",0.135489748378026,0.945222884667638,"Menthol_Menthol_vs_Control","TRINITY_DN8706_c0_g1_i1"
"237","ko:K07375",0.135489748378026,0.945222884667638,"Menthol_Menthol_vs_Control","TRINITY_DN1082_c0_g1_i1"
"238","ko:K07509",-0.0809625878760191,0.948656212646734,"Menthol_Menthol_vs_Control","TRINITY_DN9741_c0_g1_i1"
"239","ko:K07827",0.419009976963869,0.945222884667638,"Menthol_Menthol_vs_Control","TRINITY_DN9923_c0_g1_i1"
"240","ko:K07827",0.419009976963869,0.945222884667638,"Menthol_Menthol_vs_Control","TRINITY_DN1721_c0_g1_i1"
"241","ko:K07827",0.419009976963869,0.945222884667638,"Menthol_Menthol_vs_Control","TRINITY_DN8440_c0_g2_i1"
"242","ko:K07874",0.395560550058907,0.945222884667638,"Menthol_Menthol_vs_Control","TRINITY_DN8731_c0_g2_i1"
"243","ko:K07874",0.395560550058907,0.945222884667638,"Menthol_Menthol_vs_Control","TRINITY_DN8231_c0_g1_i1"
"244","ko:K07874",0.395560550058907,0.945222884667638,"Menthol_Menthol_vs_Control","TRINITY_DN8530_c0_g1_i1"
"245","ko:K07874",0.395560550058907,0.945222884667638,"Menthol_Menthol_vs_Control","TRINITY_DN8231_c0_g1_i2"
"246","ko:K07874",0.395560550058907,0.945222884667638,"Menthol_Menthol_vs_Control","TRINITY_DN9575_c3_g1_i1"
"247","ko:K07887",0.0789914979027381,0.948656212646734,"Menthol_Menthol_vs_Control","TRINITY_DN8941_c0_g1_i1"
"248","ko:K07890",1.23523264156216,0.147212412629038,"Menthol_Menthol_vs_Control","TRINITY_DN9053_c0_g1_i1"
"249","ko:K07893",-0.399430420680884,0.945222884667638,"Menthol_Menthol_vs_Control","TRINITY_DN7542_c0_g1_i1"
"250","ko:K07901",-0.528852205417187,0.945222884667638,"Menthol_Menthol_vs_Control","TRINITY_DN8731_c0_g1_i1"
"251","ko:K07901",-0.528852205417187,0.945222884667638,"Menthol_Menthol_vs_Control","TRINITY_DN8231_c0_g1_i2"
"252","ko:K07901",-0.528852205417187,0.945222884667638,"Menthol_Menthol_vs_Control","TRINITY_DN8530_c0_g1_i1"
"253","ko:K07901",-0.528852205417187,0.945222884667638,"Menthol_Menthol_vs_Control","TRINITY_DN8231_c0_g1_i1"
"254","ko:K07936",0.306193390216664,0.945222884667638,"Menthol_Menthol_vs_Control","TRINITY_DN8695_c0_g1_i1"
"255","ko:K07937",0.0264686470245947,0.950793158257641,"Menthol_Menthol_vs_Control","TRINITY_DN9138_c0_g1_i1"
"256","ko:K07937",0.0264686470245947,0.950793158257641,"Menthol_Menthol_vs_Control","TRINITY_DN8940_c0_g1_i2"
"257","ko:K07937",0.0264686470245947,0.950793158257641,"Menthol_Menthol_vs_Control","TRINITY_DN8940_c0_g1_i1"
"258","ko:K07937",0.0264686470245947,0.950793158257641,"Menthol_Menthol_vs_Control","TRINITY_DN8426_c0_g1_i1"
"259","ko:K07937",0.0264686470245947,0.950793158257641,"Menthol_Menthol_vs_Control","TRINITY_DN6858_c0_g2_i1"
"260","ko:K07937",0.0264686470245947,0.950793158257641,"Menthol_Menthol_vs_Control","TRINITY_DN14400_c0_g1_i1"
"261","ko:K07937",0.0264686470245947,0.950793158257641,"Menthol_Menthol_vs_Control","TRINITY_DN6858_c0_g1_i1"
"262","ko:K07937",0.0264686470245947,0.950793158257641,"Menthol_Menthol_vs_Control","TRINITY_DN14631_c0_g1_i1"
"263","ko:K07976",0.543428007852992,0.945222884667638,"Menthol_Menthol_vs_Control","TRINITY_DN7542_c0_g1_i1"
"264","ko:K07976",0.543428007852992,0.945222884667638,"Menthol_Menthol_vs_Control","TRINITY_DN8231_c0_g1_i2"
"265","ko:K07976",0.543428007852992,0.945222884667638,"Menthol_Menthol_vs_Control","TRINITY_DN6274_c0_g1_i2"
"266","ko:K07976",0.543428007852992,0.945222884667638,"Menthol_Menthol_vs_Control","TRINITY_DN6274_c0_g1_i1"
"267","ko:K07976",0.543428007852992,0.945222884667638,"Menthol_Menthol_vs_Control","TRINITY_DN9575_c3_g1_i1"
"268","ko:K07976",0.543428007852992,0.945222884667638,"Menthol_Menthol_vs_Control","TRINITY_DN9451_c0_g1_i1"
"269","ko:K07976",0.543428007852992,0.945222884667638,"Menthol_Menthol_vs_Control","TRINITY_DN8016_c0_g1_i1"
"270","ko:K07976",0.543428007852992,0.945222884667638,"Menthol_Menthol_vs_Control","TRINITY_DN8231_c0_g1_i1"
"271","ko:K08056",-0.0864525588654543,0.987414359458405,"Menthol_Menthol_vs_Control","TRINITY_DN9094_c0_g1_i1"
"272","ko:K08548",0.136965077923179,0.945222884667638,"Menthol_Menthol_vs_Control","TRINITY_DN9116_c0_g1_i1"
"273","ko:K08548",0.136965077923179,0.945222884667638,"Menthol_Menthol_vs_Control","TRINITY_DN9116_c0_g1_i2"
"274","ko:K08764",1.17911137536082,0.945222884667638,"Menthol_Menthol_vs_Control","TRINITY_DN9167_c0_g1_i1"
"275","ko:K08870",-0.547264145221637,0.945222884667638,"Menthol_Menthol_vs_Control","TRINITY_DN8164_c0_g1_i1"
"276","ko:K08957",0.924675193032351,0.945222884667638,"Menthol_Menthol_vs_Control","TRINITY_DN9360_c0_g1_i1"
"277","ko:K08957",0.924675193032351,0.945222884667638,"Menthol_Menthol_vs_Control","TRINITY_DN9360_c0_g1_i2"
"278","ko:K08957",0.924675193032351,0.945222884667638,"Menthol_Menthol_vs_Control","TRINITY_DN7897_c0_g1_i1"
"279","ko:K09022",-0.467434651014846,0.945222884667638,"Menthol_Menthol_vs_Control","TRINITY_DN9733_c0_g1_i1"
"280","ko:K09398",0.957311819274256,0.945222884667638,"Menthol_Menthol_vs_Control","TRINITY_DN7380_c0_g1_i1"
"281","ko:K09398",0.957311819274256,0.945222884667638,"Menthol_Menthol_vs_Control","TRINITY_DN5202_c0_g1_i1"
"282","ko:K09481",0.116969090020904,0.945222884667638,"Menthol_Menthol_vs_Control","TRINITY_DN8713_c0_g1_i1"
"283","ko:K09490",1.32207200347466,0.70367973349119,"Menthol_Menthol_vs_Control","TRINITY_DN9619_c0_g1_i1"
"284","ko:K09490",1.32207200347466,0.70367973349119,"Menthol_Menthol_vs_Control","TRINITY_DN9405_c0_g1_i2"
"285","ko:K09490",1.32207200347466,0.70367973349119,"Menthol_Menthol_vs_Control","TRINITY_DN9405_c0_g1_i1"
"286","ko:K09567",-1.28169999872307,0.945222884667638,"Menthol_Menthol_vs_Control","TRINITY_DN9399_c0_g1_i1"
"287","ko:K09567",-1.28169999872307,0.945222884667638,"Menthol_Menthol_vs_Control","TRINITY_DN9266_c1_g2_i1"
"288","ko:K09568",0.732206986801975,0.945222884667638,"Menthol_Menthol_vs_Control","TRINITY_DN3357_c0_g1_i1"
"289","ko:K09568",0.732206986801975,0.945222884667638,"Menthol_Menthol_vs_Control","TRINITY_DN6990_c0_g1_i1"
"290","ko:K09569",1.60856708132569,0.358843857050748,"Menthol_Menthol_vs_Control","TRINITY_DN8050_c0_g1_i1"
"291","ko:K09569",1.60856708132569,0.358843857050748,"Menthol_Menthol_vs_Control","TRINITY_DN6990_c0_g1_i1"
"292","ko:K09580",0.0605568245578169,0.948656212646734,"Menthol_Menthol_vs_Control","TRINITY_DN8528_c0_g1_i1"
"293","ko:K09584",0.200173960992849,0.945222884667638,"Menthol_Menthol_vs_Control","TRINITY_DN8974_c0_g1_i3"
"294","ko:K09584",0.200173960992849,0.945222884667638,"Menthol_Menthol_vs_Control","TRINITY_DN8974_c0_g1_i2"
"295","ko:K09584",0.200173960992849,0.945222884667638,"Menthol_Menthol_vs_Control","TRINITY_DN8974_c0_g1_i1"
"296","ko:K09595",-0.824705797262129,0.48439170483148,"Menthol_Menthol_vs_Control","TRINITY_DN9068_c0_g1_i1"
"297","ko:K10364",0.553310374400669,0.71468696182317,"Menthol_Menthol_vs_Control","TRINITY_DN9295_c0_g1_i1"
"298","ko:K10365",-0.154902283965007,0.945222884667638,"Menthol_Menthol_vs_Control","TRINITY_DN9613_c0_g1_i3"
"299","ko:K10418",0.384863257971158,0.945222884667638,"Menthol_Menthol_vs_Control","TRINITY_DN8070_c0_g1_i2"
"300","ko:K10418",0.384863257971158,0.945222884667638,"Menthol_Menthol_vs_Control","TRINITY_DN8070_c0_g1_i4"
"301","ko:K10418",0.384863257971158,0.945222884667638,"Menthol_Menthol_vs_Control","TRINITY_DN8070_c0_g1_i1"
"302","ko:K10418",0.384863257971158,0.945222884667638,"Menthol_Menthol_vs_Control","TRINITY_DN8070_c0_g1_i3"
"303","ko:K10419",0.273066783428733,0.945222884667638,"Menthol_Menthol_vs_Control","TRINITY_DN5319_c0_g2_i1"
"304","ko:K10419",0.273066783428733,0.945222884667638,"Menthol_Menthol_vs_Control","TRINITY_DN5319_c0_g1_i1"
"305","ko:K10420",0.0137045471869167,0.99588658467971,"Menthol_Menthol_vs_Control","TRINITY_DN8606_c0_g1_i1"
"306","ko:K10435",0.0746330005374121,0.945222884667638,"Menthol_Menthol_vs_Control","TRINITY_DN8446_c0_g1_i2"
"307","ko:K10435",0.0746330005374121,0.945222884667638,"Menthol_Menthol_vs_Control","TRINITY_DN8446_c0_g1_i1"
"308","ko:K10435",0.0746330005374121,0.945222884667638,"Menthol_Menthol_vs_Control","TRINITY_DN8901_c0_g1_i1"
"309","ko:K10573",0.903564603728766,0.945222884667638,"Menthol_Menthol_vs_Control","TRINITY_DN8301_c0_g1_i1"
"310","ko:K10575",-0.423723880616017,0.945222884667638,"Menthol_Menthol_vs_Control","TRINITY_DN3336_c0_g1_i1"
"311","ko:K10575",-0.423723880616017,0.945222884667638,"Menthol_Menthol_vs_Control","TRINITY_DN3336_c0_g2_i1"
"312","ko:K10575",-0.423723880616017,0.945222884667638,"Menthol_Menthol_vs_Control","TRINITY_DN6793_c0_g1_i1"
"313","ko:K10577",-0.839989731362754,0.945222884667638,"Menthol_Menthol_vs_Control","TRINITY_DN1426_c0_g1_i1"
"314","ko:K10580",0.0333698740323094,0.983715258986435,"Menthol_Menthol_vs_Control","TRINITY_DN8852_c0_g1_i1"
"315","ko:K10580",0.0333698740323094,0.983715258986435,"Menthol_Menthol_vs_Control","TRINITY_DN1045_c0_g1_i1"
"316","ko:K10580",0.0333698740323094,0.983715258986435,"Menthol_Menthol_vs_Control","TRINITY_DN8852_c0_g1_i2"
"317","ko:K10582",0.324324002254679,0.945222884667638,"Menthol_Menthol_vs_Control","TRINITY_DN3143_c0_g1_i1"
"318","ko:K10583",-0.995220500739738,0.945222884667638,"Menthol_Menthol_vs_Control","TRINITY_DN3986_c0_g1_i1"
"319","ko:K10583",-0.995220500739738,0.945222884667638,"Menthol_Menthol_vs_Control","TRINITY_DN3986_c0_g2_i1"
"320","ko:K10688",-1.35885877143797,0.945222884667638,"Menthol_Menthol_vs_Control","TRINITY_DN2321_c0_g1_i1"
"321","ko:K10704",0.153647873003612,0.945222884667638,"Menthol_Menthol_vs_Control","TRINITY_DN7173_c0_g1_i2"
"322","ko:K10704",0.153647873003612,0.945222884667638,"Menthol_Menthol_vs_Control","TRINITY_DN7173_c0_g1_i1"
"323","ko:K10949",0.057932955224936,0.976892934800774,"Menthol_Menthol_vs_Control","TRINITY_DN9335_c0_g1_i1"
"324","ko:K10956",0.873798596865171,0.945222884667638,"Menthol_Menthol_vs_Control","TRINITY_DN9419_c0_g1_i1"
"325","ko:K11087",-0.358096925819548,0.945222884667638,"Menthol_Menthol_vs_Control","TRINITY_DN7547_c0_g1_i1"
"326","ko:K11088",0.00962520106119762,0.99841623030614,"Menthol_Menthol_vs_Control","TRINITY_DN7251_c0_g1_i1"
"327","ko:K11088",0.00962520106119762,0.99841623030614,"Menthol_Menthol_vs_Control","TRINITY_DN7251_c0_g1_i2"
"328","ko:K11099",0.685375145371026,0.945222884667638,"Menthol_Menthol_vs_Control","TRINITY_DN6405_c0_g1_i1"
"329","ko:K11130",0.909831307266847,0.945222884667638,"Menthol_Menthol_vs_Control","TRINITY_DN1716_c0_g1_i1"
"330","ko:K11188",-0.268713010971112,0.945222884667638,"Menthol_Menthol_vs_Control","TRINITY_DN9458_c1_g1_i1"
"331","ko:K11251",1.06816546665677,0.48439170483148,"Menthol_Menthol_vs_Control","TRINITY_DN8592_c0_g1_i1"
"332","ko:K11251",1.06816546665677,0.48439170483148,"Menthol_Menthol_vs_Control","TRINITY_DN25720_c0_g1_i1"
"333","ko:K11251",1.06816546665677,0.48439170483148,"Menthol_Menthol_vs_Control","TRINITY_DN8250_c0_g1_i1"
"334","ko:K11251",1.06816546665677,0.48439170483148,"Menthol_Menthol_vs_Control","TRINITY_DN7867_c0_g1_i1"
"335","ko:K11252",-0.0827634068575594,0.945434144679215,"Menthol_Menthol_vs_Control","TRINITY_DN9165_c0_g1_i2"
"336","ko:K11252",-0.0827634068575594,0.945434144679215,"Menthol_Menthol_vs_Control","TRINITY_DN13091_c0_g1_i1"
"337","ko:K11252",-0.0827634068575594,0.945434144679215,"Menthol_Menthol_vs_Control","TRINITY_DN9165_c0_g1_i1"
"338","ko:K11252",-0.0827634068575594,0.945434144679215,"Menthol_Menthol_vs_Control","TRINITY_DN15080_c0_g1_i1"
"339","ko:K11254",0.0309449103372955,0.993574907595452,"Menthol_Menthol_vs_Control","TRINITY_DN579_c0_g1_i1"
"340","ko:K11495",-0.76597918330896,0.945222884667638,"Menthol_Menthol_vs_Control","TRINITY_DN28548_c0_g1_i1"
"341","ko:K11495",-0.76597918330896,0.945222884667638,"Menthol_Menthol_vs_Control","TRINITY_DN6396_c0_g1_i1"
"342","ko:K11584",0.303787725486454,0.945222884667638,"Menthol_Menthol_vs_Control","TRINITY_DN7235_c0_g1_i1"
"343","ko:K11884",-0.222542955592289,0.945434144679215,"Menthol_Menthol_vs_Control","TRINITY_DN19644_c0_g1_i1"
"344","ko:K11980",-0.59012036649937,0.945222884667638,"Menthol_Menthol_vs_Control","TRINITY_DN8076_c0_g1_i1"
"345","ko:K12158",-0.0902446771335554,0.950793158257641,"Menthol_Menthol_vs_Control","TRINITY_DN8268_c0_g1_i1"
"346","ko:K12158",-0.0902446771335554,0.950793158257641,"Menthol_Menthol_vs_Control","TRINITY_DN2123_c0_g1_i1"
"347","ko:K12158",-0.0902446771335554,0.950793158257641,"Menthol_Menthol_vs_Control","TRINITY_DN17244_c0_g1_i1"
"348","ko:K12158",-0.0902446771335554,0.950793158257641,"Menthol_Menthol_vs_Control","TRINITY_DN8993_c1_g1_i2"
"349","ko:K12158",-0.0902446771335554,0.950793158257641,"Menthol_Menthol_vs_Control","TRINITY_DN8993_c1_g1_i10"
"350","ko:K12158",-0.0902446771335554,0.950793158257641,"Menthol_Menthol_vs_Control","TRINITY_DN8993_c1_g1_i11"
"351","ko:K12158",-0.0902446771335554,0.950793158257641,"Menthol_Menthol_vs_Control","TRINITY_DN8993_c1_g1_i4"
"352","ko:K12158",-0.0902446771335554,0.950793158257641,"Menthol_Menthol_vs_Control","TRINITY_DN2123_c0_g2_i1"
"353","ko:K12158",-0.0902446771335554,0.950793158257641,"Menthol_Menthol_vs_Control","TRINITY_DN16207_c0_g1_i1"
"354","ko:K12158",-0.0902446771335554,0.950793158257641,"Menthol_Menthol_vs_Control","TRINITY_DN937_c0_g1_i1"
"355","ko:K12158",-0.0902446771335554,0.950793158257641,"Menthol_Menthol_vs_Control","TRINITY_DN8993_c1_g1_i5"
"356","ko:K12194",-0.125615082260288,0.945222884667638,"Menthol_Menthol_vs_Control","TRINITY_DN8618_c0_g1_i1"
"357","ko:K12197",-0.0750718742086727,0.950793158257641,"Menthol_Menthol_vs_Control","TRINITY_DN8810_c0_g1_i1"
"358","ko:K12197",-0.0750718742086727,0.950793158257641,"Menthol_Menthol_vs_Control","TRINITY_DN7851_c0_g1_i1"
"359","ko:K12198",-1.49915045653107,0.70367973349119,"Menthol_Menthol_vs_Control","TRINITY_DN7922_c0_g1_i1"
"360","ko:K12393",0.538117037000714,0.945222884667638,"Menthol_Menthol_vs_Control","TRINITY_DN8936_c0_g1_i1"
"361","ko:K12621",0.540373633542125,0.945222884667638,"Menthol_Menthol_vs_Control","TRINITY_DN1109_c0_g1_i1"
"362","ko:K12622",-0.734382629811155,0.945222884667638,"Menthol_Menthol_vs_Control","TRINITY_DN24479_c0_g1_i1"
"363","ko:K12623",0.147565988651269,0.950793158257641,"Menthol_Menthol_vs_Control","TRINITY_DN20720_c0_g1_i1"
"364","ko:K12757",-0.0902643252279456,0.945222884667638,"Menthol_Menthol_vs_Control","TRINITY_DN9024_c0_g1_i1"
"365","ko:K12757",-0.0902643252279456,0.945222884667638,"Menthol_Menthol_vs_Control","TRINITY_DN9114_c0_g1_i3"
"366","ko:K12757",-0.0902643252279456,0.945222884667638,"Menthol_Menthol_vs_Control","TRINITY_DN9114_c0_g1_i2"
"367","ko:K12757",-0.0902643252279456,0.945222884667638,"Menthol_Menthol_vs_Control","TRINITY_DN6480_c0_g1_i1"
"368","ko:K12757",-0.0902643252279456,0.945222884667638,"Menthol_Menthol_vs_Control","TRINITY_DN9114_c0_g1_i1"
"369","ko:K12828",-0.0392049091858169,0.945222884667638,"Menthol_Menthol_vs_Control","TRINITY_DN8874_c0_g1_i1"
"370","ko:K12832",-0.126607865158509,0.945222884667638,"Menthol_Menthol_vs_Control","TRINITY_DN8051_c0_g1_i1"
"371","ko:K12833",-1.050534489507,0.945222884667638,"Menthol_Menthol_vs_Control","TRINITY_DN5945_c0_g2_i1"
"372","ko:K12833",-1.050534489507,0.945222884667638,"Menthol_Menthol_vs_Control","TRINITY_DN5945_c0_g3_i1"
"373","ko:K12833",-1.050534489507,0.945222884667638,"Menthol_Menthol_vs_Control","TRINITY_DN5945_c0_g1_i1"
"374","ko:K12859",-0.0610732025134152,0.976892934800774,"Menthol_Menthol_vs_Control","TRINITY_DN15336_c0_g1_i1"
"375","ko:K12859",-0.0610732025134152,0.976892934800774,"Menthol_Menthol_vs_Control","TRINITY_DN4609_c0_g1_i1"
"376","ko:K12859",-0.0610732025134152,0.976892934800774,"Menthol_Menthol_vs_Control","TRINITY_DN4609_c0_g2_i1"
"377","ko:K12877",-0.370129947829809,0.945222884667638,"Menthol_Menthol_vs_Control","TRINITY_DN8980_c0_g1_i2"
"378","ko:K12877",-0.370129947829809,0.945222884667638,"Menthol_Menthol_vs_Control","TRINITY_DN8980_c0_g1_i1"
"379","ko:K12947",-0.654232320820995,0.945222884667638,"Menthol_Menthol_vs_Control","TRINITY_DN5762_c0_g1_i1"
"380","ko:K12947",-0.654232320820995,0.945222884667638,"Menthol_Menthol_vs_Control","TRINITY_DN5762_c0_g2_i1"
"381","ko:K13025",-0.153908879502726,0.945222884667638,"Menthol_Menthol_vs_Control","TRINITY_DN9429_c0_g1_i1"
"382","ko:K13025",-0.153908879502726,0.945222884667638,"Menthol_Menthol_vs_Control","TRINITY_DN7983_c0_g1_i1"
"383","ko:K13126",0.271412401102284,0.945222884667638,"Menthol_Menthol_vs_Control","TRINITY_DN9515_c0_g1_i1"
"384","ko:K13176",-0.771234820140745,0.945222884667638,"Menthol_Menthol_vs_Control","TRINITY_DN4236_c0_g1_i1"
"385","ko:K13176",-0.771234820140745,0.945222884667638,"Menthol_Menthol_vs_Control","TRINITY_DN4236_c0_g2_i1"
"386","ko:K13251",0.165698097017526,0.950793158257641,"Menthol_Menthol_vs_Control","TRINITY_DN7508_c0_g1_i1"
"387","ko:K13758",0.802145869026141,0.908181773245705,"Menthol_Menthol_vs_Control","TRINITY_DN8759_c0_g1_i1"
"388","ko:K13785",-2.67340168130828,1.53719285037661e-05,"Menthol_Menthol_vs_Control","TRINITY_DN8846_c0_g1_i1"
"389","ko:K13785",-2.67340168130828,1.53719285037661e-05,"Menthol_Menthol_vs_Control","TRINITY_DN6662_c0_g1_i1"
"390","ko:K14397",-0.232929549617513,0.945222884667638,"Menthol_Menthol_vs_Control","TRINITY_DN7154_c0_g1_i1"
"391","ko:K14753",-0.133937542400411,0.945222884667638,"Menthol_Menthol_vs_Control","TRINITY_DN9544_c0_g1_i1"
"392","ko:K14803",-0.749626272876851,0.945222884667638,"Menthol_Menthol_vs_Control","TRINITY_DN24681_c0_g1_i1"
"393","ko:K14965",-6.17706969662182,2.67470772863859e-10,"Menthol_Menthol_vs_Control","TRINITY_DN8173_c0_g1_i1"
"394","ko:K15025",0.052398372887623,0.987414359458405,"Menthol_Menthol_vs_Control","TRINITY_DN6997_c0_g1_i1"
"395","ko:K15103",0.204423016019029,0.945222884667638,"Menthol_Menthol_vs_Control","TRINITY_DN8597_c0_g1_i1"
"396","ko:K15103",0.204423016019029,0.945222884667638,"Menthol_Menthol_vs_Control","TRINITY_DN8597_c0_g1_i2"
"397","ko:K15620",-1.12273990974169,0.945222884667638,"Menthol_Menthol_vs_Control","TRINITY_DN6629_c0_g2_i1"
"398","ko:K15620",-1.12273990974169,0.945222884667638,"Menthol_Menthol_vs_Control","TRINITY_DN6629_c0_g1_i1"
"399","ko:K16186",1.6275293709434,0.146195138665075,"Menthol_Menthol_vs_Control","TRINITY_DN8431_c0_g1_i2"
"400","ko:K16186",1.6275293709434,0.146195138665075,"Menthol_Menthol_vs_Control","TRINITY_DN8431_c0_g1_i1"
"401","ko:K16197",-1.30023421550321,0.19397356327839,"Menthol_Menthol_vs_Control","TRINITY_DN9134_c0_g1_i2"
"402","ko:K16197",-1.30023421550321,0.19397356327839,"Menthol_Menthol_vs_Control","TRINITY_DN9134_c0_g2_i2"
"403","ko:K16197",-1.30023421550321,0.19397356327839,"Menthol_Menthol_vs_Control","TRINITY_DN9134_c0_g1_i3"
"404","ko:K16197",-1.30023421550321,0.19397356327839,"Menthol_Menthol_vs_Control","TRINITY_DN9093_c0_g1_i1"
"405","ko:K16197",-1.30023421550321,0.19397356327839,"Menthol_Menthol_vs_Control","TRINITY_DN9134_c0_g2_i1"
"406","ko:K16197",-1.30023421550321,0.19397356327839,"Menthol_Menthol_vs_Control","TRINITY_DN8511_c0_g1_i1"
"407","ko:K16197",-1.30023421550321,0.19397356327839,"Menthol_Menthol_vs_Control","TRINITY_DN7767_c0_g1_i1"
"408","ko:K16344",-1.25404287244794,0.526110731479949,"Menthol_Menthol_vs_Control","TRINITY_DN8217_c0_g2_i2"
"409","ko:K16344",-1.25404287244794,0.526110731479949,"Menthol_Menthol_vs_Control","TRINITY_DN8217_c0_g2_i1"
"410","ko:K16575",-0.00891006493953704,0.99841623030614,"Menthol_Menthol_vs_Control","TRINITY_DN2882_c0_g1_i1"
"411","ko:K16794",-0.219719903486426,0.945222884667638,"Menthol_Menthol_vs_Control","TRINITY_DN7213_c0_g1_i1"
"412","ko:K17080",-0.29838042716709,0.945222884667638,"Menthol_Menthol_vs_Control","TRINITY_DN8700_c0_g1_i2"
"413","ko:K17080",-0.29838042716709,0.945222884667638,"Menthol_Menthol_vs_Control","TRINITY_DN9301_c0_g1_i2"
"414","ko:K17080",-0.29838042716709,0.945222884667638,"Menthol_Menthol_vs_Control","TRINITY_DN8700_c0_g1_i1"
"415","ko:K17081",-0.43036945693771,0.908181773245705,"Menthol_Menthol_vs_Control","TRINITY_DN9301_c0_g1_i2"
"416","ko:K17081",-0.43036945693771,0.908181773245705,"Menthol_Menthol_vs_Control","TRINITY_DN9301_c0_g1_i1"
"417","ko:K17093",0.981663632673486,0.945222884667638,"Menthol_Menthol_vs_Control","TRINITY_DN6166_c0_g1_i1"
"418","ko:K17254",0.847708076316543,0.945222884667638,"Menthol_Menthol_vs_Control","TRINITY_DN9424_c0_g1_i1"
"419","ko:K17266",-0.98310489031156,0.48439170483148,"Menthol_Menthol_vs_Control","TRINITY_DN7886_c0_g1_i1"
"420","ko:K17268",0.33839568513865,0.945222884667638,"Menthol_Menthol_vs_Control","TRINITY_DN8629_c0_g1_i1"
"421","ko:K17497",-0.364290270354158,0.945222884667638,"Menthol_Menthol_vs_Control","TRINITY_DN5679_c0_g1_i1"
"422","ko:K17780",-0.775825743515289,0.945222884667638,"Menthol_Menthol_vs_Control","TRINITY_DN7414_c0_g1_i1"
"423","ko:K17795",0.831280355935611,0.945222884667638,"Menthol_Menthol_vs_Control","TRINITY_DN7538_c0_g1_i1"
"424","ko:K17918",-0.0916641983768721,0.945222884667638,"Menthol_Menthol_vs_Control","TRINITY_DN7979_c0_g1_i1"
"425","ko:K17920",1.11877552404277,1.14421238174851e-06,"Menthol_Menthol_vs_Control","TRINITY_DN9347_c0_g1_i1"
"426","ko:K18269",-0.4837878815662,0.945222884667638,"Menthol_Menthol_vs_Control","TRINITY_DN8262_c0_g1_i1"
"427","ko:K18466",-0.349405911444286,0.945222884667638,"Menthol_Menthol_vs_Control","TRINITY_DN9051_c0_g1_i1"
"428","ko:K18617",0.579251045671254,0.945222884667638,"Menthol_Menthol_vs_Control","TRINITY_DN9299_c0_g1_i1"
"429","ko:K19682",0.421260382852116,0.945222884667638,"Menthol_Menthol_vs_Control","TRINITY_DN8255_c0_g1_i1"
"430","ko:K19682",0.421260382852116,0.945222884667638,"Menthol_Menthol_vs_Control","TRINITY_DN8255_c0_g1_i2"
"431","ko:K19765",0.0488014658355974,0.945222884667638,"Menthol_Menthol_vs_Control","TRINITY_DN7870_c0_g1_i1"
"432","ko:K19788",1.81799846743862,0.858091295328454,"Menthol_Menthol_vs_Control","TRINITY_DN6152_c0_g1_i1"
"433","ko:K19931",-0.0454614969625742,0.95832973730345,"Menthol_Menthol_vs_Control","TRINITY_DN9182_c0_g1_i2"
"434","ko:K19931",-0.0454614969625742,0.95832973730345,"Menthol_Menthol_vs_Control","TRINITY_DN9182_c0_g1_i1"
"435","ko:K19932",-1.01032699941292,0.807351787764955,"Menthol_Menthol_vs_Control","TRINITY_DN5413_c0_g1_i1"
"436","ko:K20011",-0.125777710913028,0.945222884667638,"Menthol_Menthol_vs_Control","TRINITY_DN9049_c0_g1_i1"
"437","ko:K20301",0.552092642167399,0.945222884667638,"Menthol_Menthol_vs_Control","TRINITY_DN7128_c0_g1_i1"
"438","ko:K20302",0.0521551693952134,0.97083570842867,"Menthol_Menthol_vs_Control","TRINITY_DN7458_c0_g1_i1"
"439","ko:K20346",-1.11571583513599,0.821996626972172,"Menthol_Menthol_vs_Control","TRINITY_DN7461_c0_g1_i1"
"440","ko:K20346",-1.11571583513599,0.821996626972172,"Menthol_Menthol_vs_Control","TRINITY_DN7461_c0_g2_i1"
"441","ko:K20347",-0.66309942007355,0.945222884667638,"Menthol_Menthol_vs_Control","TRINITY_DN8500_c0_g1_i1"
"442","ko:K20350",-1.57230803715963,0.945222884667638,"Menthol_Menthol_vs_Control","TRINITY_DN11126_c0_g1_i1"
"443","ko:K20352",0.0868702810536832,0.945222884667638,"Menthol_Menthol_vs_Control","TRINITY_DN9157_c0_g1_i1"
"444","ko:K20352",0.0868702810536832,0.945222884667638,"Menthol_Menthol_vs_Control","TRINITY_DN9157_c0_g1_i2"
"445","ko:K20369",0.605457161414235,0.0163413382311019,"Menthol_Menthol_vs_Control","TRINITY_DN9530_c0_g1_i1"
"446","ko:K20398",0.449913876768163,0.945222884667638,"Menthol_Menthol_vs_Control","TRINITY_DN8585_c0_g1_i1"
"447","ko:K20399",-1.46876160142225,0.921136314961085,"Menthol_Menthol_vs_Control","TRINITY_DN6229_c0_g1_i1"
"448","ko:K20472",0.396033386933217,0.945222884667638,"Menthol_Menthol_vs_Control","TRINITY_DN8790_c0_g1_i1"
"449","ko:K21870",-0.509372184757786,0.945222884667638,"Menthol_Menthol_vs_Control","TRINITY_DN7090_c0_g1_i1"
"450","ko:K21891",-0.895614107877748,0.945222884667638,"Menthol_Menthol_vs_Control","TRINITY_DN1694_c0_g1_i1"
"451","ko:K22069",0.576073725392592,0.945222884667638,"Menthol_Menthol_vs_Control","TRINITY_DN25525_c0_g1_i1"
"452","ko:K22390",-0.411191707007347,0.945222884667638,"Menthol_Menthol_vs_Control","TRINITY_DN9166_c0_g1_i3"
"453","ko:K22390",-0.411191707007347,0.945222884667638,"Menthol_Menthol_vs_Control","TRINITY_DN9166_c0_g1_i1"
"454","ko:K22503",-0.352239104311637,0.945222884667638,"Menthol_Menthol_vs_Control","TRINITY_DN9576_c0_g1_i1"
"455","ko:K22556",-2.5198977888506,0.48439170483148,"Menthol_Menthol_vs_Control","TRINITY_DN9027_c0_g1_i1"
"456","ko:K22939",-0.439717266499001,0.945222884667638,"Menthol_Menthol_vs_Control","TRINITY_DN6163_c0_g1_i1"
"457","ko:K23034",-2.02601989146655,0.945222884667638,"Menthol_Menthol_vs_Control","TRINITY_DN8840_c0_g1_i1"
